{
	"format_version": "1.8.0",
	"animations": {
		"misc.idle": {
			"loop": true,
			"animation_length": 2,
			"bones": {
				"centro": {
					"scale": {
						"0.0": {
							"vector": [1, 1, 1],
							"easing": "bezier",
							"left": [0, 0, 0],
							"left_time": [-0.1, -0.1, -0.1],
							"right": [0, 0, 0],
							"right_time": [0.1, 0.1, 0.1]
						},
						"0.0417": [1.00016, 1, 1.00016],
						"0.5833": [1.00444, 1, 1.00444],
						"1.0": {
							"vector": [1.0075, 1, 1.0075],
							"easing": "bezier",
							"left": [0, 0, 0],
							"left_time": [-0.1, -0.1, -0.1],
							"right": [0, 0, 0],
							"right_time": [0.1, 0.1, 0.1]
						},
						"1.0417": [1.00734, 1, 1.00734],
						"1.5833": [1.00306, 1, 1.00306],
						"2.0": {
							"vector": [1, 1, 1],
							"easing": "bezier",
							"left": [0, 0, 0],
							"left_time": [-0.1, -0.1, -0.1],
							"right": [0, 0, 0],
							"right_time": [0.1, 0.1, 0.1]
						}
					}
				},
				"izquierda": {
					"position": {
						"0.0": {
							"vector": [0, 0, 0],
							"easing": "bezier",
							"left": [0, 0, 0],
							"left_time": [-0.1, -0.1, -0.1],
							"right": [0, 0, 0],
							"right_time": [0.1, 0.1, 0.1]
						},
						"0.0417": [0.00218, 0, -0.00109],
						"0.5833": [0.05925, 0, -0.02962],
						"1.0": {
							"vector": [0.1, 0, -0.05],
							"easing": "bezier",
							"left": [0, 0, 0],
							"left_time": [-0.1, -0.1, -0.1],
							"right": [0, 0, 0],
							"right_time": [0.1, 0.1, 0.1]
						},
						"1.0417": [0.09782, 0, -0.04891],
						"1.5833": [0.04075, 0, -0.02038],
						"2.0": {
							"vector": [0, 0, 0],
							"easing": "bezier",
							"left": [0, 0, 0],
							"left_time": [-0.1, -0.1, -0.1],
							"right": [0, 0, 0],
							"right_time": [0.1, 0.1, 0.1]
						}
					},
					"scale": {
						"0.0": {
							"vector": [1, 1, 1],
							"easing": "bezier",
							"left": [0, 0, 0],
							"left_time": [-0.1, -0.1, -0.1],
							"right": [0, 0, 0],
							"right_time": [0.1, 0.1, 0.1]
						},
						"0.0417": [1.00016, 1, 1.00016],
						"0.5833": [1.00444, 1, 1.00444],
						"1.0": {
							"vector": [1.0075, 1, 1.0075],
							"easing": "bezier",
							"left": [0, 0, 0],
							"left_time": [-0.1, -0.1, -0.1],
							"right": [0, 0, 0],
							"right_time": [0.1, 0.1, 0.1]
						},
						"1.0417": [1.00734, 1, 1.00734],
						"1.5833": [1.00306, 1, 1.00306],
						"2.0": {
							"vector": [1, 1, 1],
							"easing": "bezier",
							"left": [0, 0, 0],
							"left_time": [-0.1, -0.1, -0.1],
							"right": [0, 0, 0],
							"right_time": [0.1, 0.1, 0.1]
						}
					}
				},
				"derecha": {
					"position": {
						"0.0": {
							"vector": [0, 0, 0],
							"easing": "bezier",
							"left": [0, 0, 0],
							"left_time": [-0.1, -0.1, -0.1],
							"right": [0, 0, 0],
							"right_time": [0.1, 0.1, 0.1]
						},
						"0.0417": [-0.00218, 0, 0],
						"0.5833": [-0.05925, 0, 0],
						"1.0": {
							"vector": [-0.1, 0, 0],
							"easing": "bezier",
							"left": [0, 0, 0],
							"left_time": [-0.1, -0.1, -0.1],
							"right": [0, 0, 0],
							"right_time": [0.1, 0.1, 0.1]
						},
						"1.0417": [-0.09782, 0, 0],
						"1.5833": [-0.04075, 0, 0],
						"2.0": {
							"vector": [0, 0, 0],
							"easing": "bezier",
							"left": [0, 0, 0],
							"left_time": [-0.1, -0.1, -0.1],
							"right": [0, 0, 0],
							"right_time": [0.1, 0.1, 0.1]
						}
					},
					"scale": {
						"0.0": {
							"vector": [1, 1, 1],
							"easing": "bezier",
							"left": [0, 0, 0],
							"left_time": [-0.1, -0.1, -0.1],
							"right": [0, 0, 0],
							"right_time": [0.1, 0.1, 0.1]
						},
						"0.0417": [1.00033, 1, 1.00016],
						"0.5833": [1.00889, 1, 1.00444],
						"1.0": {
							"vector": [1.015, 1, 1.0075],
							"easing": "bezier",
							"left": [0, 0, 0],
							"left_time": [-0.1, -0.1, -0.1],
							"right": [0, 0, 0],
							"right_time": [0.1, 0.1, 0.1]
						},
						"1.0417": [1.01467, 1, 1.00734],
						"1.5833": [1.00611, 1, 1.00306],
						"2.0": {
							"vector": [1, 1, 1],
							"easing": "bezier",
							"left": [0, 0, 0],
							"left_time": [-0.1, -0.1, -0.1],
							"right": [0, 0, 0],
							"right_time": [0.1, 0.1, 0.1]
						}
					}
				}
			}
		}
	},
	"geckolib_format_version": 2
}